RANK_DOUBLON;CODE_PAYS;ID_BASE_EXTERNE;CODE_IDENTIFIANT_EXTERNE;NOM_PAYS;NOMENCL_PAYS;NOMENCL_PAYS_INSEE;NOMENCL_ABREGE_2;IS_SIRET_OBLIGATOIRE;IS_PROVINCE;PLUS_UTILISE
0;12493;319;15995;ACORES;3;99319;;0;0;0
0;12432;212;15996;AFGHANISTAN;3;99212;AF;0;0;0
0;12477;303;15997;AFRIQUE DU SUD;3;99303;ZA;0;0;0
0;12538;404;15998;ALASKA;3;99404;;0;0;0
0;12398;125;15999;ALBANIE;3;99125;AL;0;0;0
0;12524;352;16000;ALGERIE;3;99352;DZ;0;0;0
0;12384;109;16001;ALLEMAGNE;2;99109;DE;0;0;0
0;12403;130;16002;ANDORRE;3;99130;AD;0;0;0
0;12531;395;16003;ANGOLA;3;99395;AO;0;0;0
0;12565;425;16004;ANGUILLA;3;99425;AI;0;0;0
0;12584;441;16005;ANTIGUA-ET-BARBUDA;3;99441;AG;0;0;0
0;12425;201;16006;ARABIE SAOUDITE;3;99201;SA;0;0;0
0;12549;415;16007;ARGENTINE;3;99415;AR;0;0;0
0;12464;252;16008;ARMENIE;3;99252;AM;0;0;0
0;12412;135;16009;ARUBA;2;99135;AW;0;0;0
0;12589;501;16010;AUSTRALIE;3;99501;AU;0;0;0
0;12385;110;16011;AUTRICHE;2;99110;AT;0;0;0
0;12465;253;16012;AZERBAIDJAN;3;99253;AZ;0;0;0
0;12579;436;16013;BAHAMAS;3;99436;BS;0;0;0
0;12461;249;16014;BAHREIN;3;99249;BH;0;0;0
0;12458;246;16015;BANGLADESH;3;99246;BD;0;0;0
0;12577;434;16016;BARBADE;3;99434;BB;0;0;0
0;12404;131;16017;BELGIQUE;2;99131;BE;0;0;0
0;12571;429;16018;BELIZE;3;99429;BZ;0;0;0
0;12499;327;16019;BENIN;3;99327;BJ;0;0;0
0;12559;425;16020;BERMUDES;3;99425;BM;0;0;0
0;12434;214;16021;BHOUTAN;3;99214;BT;0;0;0
0;12420;148;16022;BIELORUSSIE;3;99148;BY;0;0;0
0;12443;224;16023;BIRMANIE;3;99224;MM;0;0;0
0;12552;418;16024;BOLIVIE;3;99418;BO;0;0;0
0;12586;443;16025;BONAIRE;3;99443;BQ;0;0;0
0;12392;118;16026;BOSNIE-HERZEGOVINE;3;99118;BA;0;0;0
0;12519;347;16027;BOTSWANA;3;99347;BW;0;0;0
0;12377;103;16028;BOUVET (ILE);3;99103;BV;0;0;0
0;12550;416;16029;BRESIL;3;99416;BR;0;0;0
0;12444;225;16030;BRUNEI;3;99225;BN;0;0;0
0;12386;111;16031;BULGARIE;2;99111;BG;0;0;0
0;12503;331;16032;BURKINA;3;99331;BF;0;0;0
0;12494;321;16033;BURUNDI;3;99321;BI;0;0;0
0;12560;425;16034;CAIMANES (ILES);3;99425;KY;0;0;0
0;12449;234;16035;CAMBODGE;3;99234;KH;0;0;0
0;12495;322;16036;CAMEROUN;3;99322;CM;0;0;0
0;12536;401;16037;CANADA;3;99401;CA;0;0;0
0;12485;313;16038;CANARIES (ILES);3;99313;;0;0;0
0;12532;396;16039;CAP-VERT;3;99396;CV;0;0;0
0;12496;323;16040;CENTRAFRICAINE (REPUBLIQUE);3;99323;CF;0;0;0
0;12551;417;16041;CHILI;3;99417;CL;0;0;0
0;12436;216;16042;CHINE;3;99216;CN;0;0;0
0;12591;501;16043;CHRISTMAS (ILE);3;99501;CX;0;0;0
0;12466;254;16044;CHYPRE;3;99254;CY;0;0;0
0;12622;;;CLIPPERTON (ILE);1;;;0;0;0
0;12592;501;16045;COCOS ou KEELING (ILES);3;99501;CC;0;0;0
0;12553;419;16046;COLOMBIE;3;99419;CO;0;0;0
0;12533;397;16047;COMORES;3;99397;KM;0;0;0
0;12497;324;16048;CONGO;3;99324;CG;0;0;0
0;12484;312;16049;CONGO (REPUBLIQUE DEMOCRATIQUE);3;99312;CD;0;0;0
0;12597;502;16050;COOK (ILES);3;99502;CK;0;0;0
0;12453;239;16051;COREE (REPUBLIQUE DE);3;99239;KR;0;0;0
0;12452;238;16052;COREE (REPUBLIQUE POPULAIRE DEMOCRATIQUE DE);3;99238;KP;0;0;0
0;12540;406;16053;COSTA RICA;3;99406;CR;0;0;0
0;12498;326;16054;COTE D'IVOIRE;3;99326;CI;0;0;0
0;12393;119;16055;CROATIE;2;99119;HR;0;0;0
0;12541;407;16056;CUBA;3;99407;CU;0;0;0
0;12587;444;16057;CURAÃ‡AO;3;99444;CW;0;0;0
0;484868;444;16058;CURAÇAO;3;99444;CW;0;0;0
0;12373;101;16059;DANEMARK;2;99101;DK;0;0;0
0;12535;399;16060;DJIBOUTI;3;99399;DJ;0;0;0
0;12542;408;16061;DOMINICAINE (REPUBLIQUE);3;99408;DO;0;0;0
0;12581;438;16062;DOMINIQUE;3;99438;DM;0;0;0
0;12475;301;16063;EGYPTE;3;99301;EG;0;0;0
0;12548;414;16064;EL SALVADOR;3;99414;SV;0;0;0
0;12459;247;16065;EMIRATS ARABES UNIS;3;99247;AE;0;0;0
0;12554;420;16066;EQUATEUR;3;99420;EC;0;0;0
0;12491;317;16067;ERYTHREE;3;99317;ER;0;0;0
0;12410;134;16068;ESPAGNE;2;99134;ES;0;0;0
0;12381;106;16069;ESTONIE;2;99106;EE;0;0;0
0;12527;391;16070;ESWATINI;3;99391;SZ;0;0;0
0;12537;404;16071;ETATS-UNIS;3;99404;US;0;0;0
0;12489;315;16072;ETHIOPIE;3;99315;ET;0;0;0
0;12374;101;16073;FEROE (ILES);2;99101;FO;0;0;0
0;12605;508;16074;FIDJI;3;99508;FJ;0;0;0
0;12380;105;16075;FINLANDE;2;99105;FI;0;0;0
0;1;0;16076;FRANCE;1;;FR;0;0;0
0;12500;328;16077;GABON;3;99328;GA;0;0;0
0;12478;304;16078;GAMBIE;3;99304;GM;0;0;0
0;12467;255;16079;GEORGIE;3;99255;GE;0;0;0
0;12568;427;16080;GEORGIE DU SUD ET LES ILES SANDWICH DU SUD;3;99427;GS;0;0;0
0;12501;329;16081;GHANA;3;99329;GH;0;0;0
0;12409;133;16082;GIBRALTAR;3;99133;GI;0;0;0
0;12442;223;16083;GOA;3;99223;;0;0;0
0;12399;126;16084;GRECE;2;99126;GR;0;0;0
0;12578;435;16085;GRENADE;3;99435;GD;0;0;0
0;12572;430;16086;GROENLAND;3;99430;GL;0;0;0
0;12617;0;16087;GUADELOUPE;1;;GP;0;0;0
0;12602;505;16088;GUAM;3;99505;GU;0;0;0
0;12543;409;16089;GUATEMALA;3;99409;GT;0;0;0
0;12406;132;16090;GUERNESEY;3;99132;GG;0;0;0
0;12502;330;16091;GUINEE;3;99330;GN;0;0;0
0;12488;314;16092;GUINEE EQUATORIALE;3;99314;GQ;0;0;0
0;12528;392;16093;GUINEE-BISSAU;3;99392;GW;0;0;0
0;12570;428;16094;GUYANA;3;99428;GY;0;0;0
0;12625;0;16095;GUYANE;1;;GF;0;0;0
0;12544;410;16096;HAITI;3;99410;HT;0;0;0
0;12590;501;16097;HEARD ET MACDONALD (ILES);3;99501;HM;0;0;0
0;12545;411;16098;HONDURAS;3;99411;HN;0;0;0
0;12387;112;16099;HONGRIE;2;99112;HU;0;0;0
0;3;;;HORS UNION EUROPEENNE;3;;;0;0;0
0;11829;;;INCONNU;0;;;0;0;0
0;0;;;INCONNU;0;;;0;0;0
0;12441;223;16100;INDE;3;99223;IN;0;0;0
0;12448;231;16101;INDONESIE;3;99231;ID;0;0;0
0;12427;204;16102;IRAN;3;99204;IR;0;0;0
0;12426;203;16103;IRAQ;3;99203;IQ;0;0;0
0;12413;136;16104;IRLANDE;2;99136;IE;0;0;0
0;12375;102;16105;ISLANDE;3;99102;IS;0;0;0
0;12430;207;16106;ISRAEL;3;99207;IL;0;0;0
0;12400;127;16107;ITALIE;2;99127;IT;0;0;0
0;12566;426;16108;JAMAIQUE;3;99426;JM;0;0;0
0;12437;217;16109;JAPON;3;99217;JP;0;0;0
0;12408;132;16110;JERSEY;3;99132;JE;0;0;0
0;12440;222;16111;JORDANIE;3;99222;JO;0;0;0
0;12468;256;16112;KAZAKHSTAN;3;99256;KZ;0;0;0
0;12504;332;16113;KENYA;3;99332;KE;0;0;0
0;12469;257;16114;KIRGHIZISTAN;3;99257;KG;0;0;0
0;12610;513;16115;KIRIBATI;3;99513;KI;0;0;0
0;12424;157;16116;KOSOVO;3;99157;XK;0;0;0
0;12454;240;16117;KOWEIT;3;99240;KW;0;0;0
0;12615;0;16118;LA REUNION;1;;RE;0;0;0
0;12455;241;16119;LAOS;3;99241;LA;0;0;0
0;12520;348;16120;LESOTHO;3;99348;LS;0;0;0
0;12382;107;16121;LETTONIE;2;99107;LV;0;0;0
0;12428;205;16122;LIBAN;3;99205;LB;0;0;0
0;12476;302;16123;LIBERIA;3;99302;LR;0;0;0
0;12490;316;16124;LIBYE;3;99316;LY;0;0;0
0;12388;113;16125;LIECHTENSTEIN;3;99113;LI;0;0;0
0;12383;108;16126;LITUANIE;2;99108;LT;0;0;0
0;12414;137;16127;LUXEMBOURG;2;99137;LU;0;0;0
0;12423;156;16128;MACEDOINE DU NORD;3;99156;MK;0;0;0
0;12505;333;16129;MADAGASCAR;3;99333;MG;0;0;0
0;12446;227;16130;MALAISIE;3;99227;MY;0;0;0
0;12506;334;16131;MALAWI;3;99334;MW;0;0;0
0;12447;229;16132;MALDIVES;3;99229;MV;0;0;0
0;12507;335;16133;MALI;3;99335;ML;0;0;0
0;12569;427;16134;MALOUINES;3;99427;FK;0;0;0
0;12418;144;16135;MALTE;2;99144;MT;0;0;0
0;12407;132;16136;MAN (ILE);3;99132;IM;0;0;0
0;12600;505;16137;MARIANNES DU NORD (ILES);3;99505;MP;0;0;0
0;12522;350;16138;MAROC;3;99350;MA;0;0;0
0;12612;515;16139;MARSHALL (ILES);3;99515;MH;0;0;0
0;12624;0;16140;MARTINIQUE;1;;MQ;0;0;0
0;12526;390;16141;MAURICE;3;99390;MU;0;0;0
0;12508;336;16142;MAURITANIE;3;99336;MR;0;0;0
0;12621;0;16143;MAYOTTE;1;;YT;0;0;0
0;12539;405;16144;MEXIQUE;3;99405;MX;0;0;0
0;12613;516;16145;MICRONESIE (ETATS FEDERES DE);3;99516;FM;0;0;0
0;12421;151;16146;MOLDAVIE;3;99151;MD;0;0;0
0;12415;138;16147;MONACO;3;99138;MC;0;0;0
0;12456;242;16148;MONGOLIE;3;99242;MN;0;0;0
0;12394;120;16149;MONTENEGRO;3;99120;ME;0;0;0
0;12561;425;16150;MONTSERRAT;3;99425;MS;0;0;0
0;12529;393;16151;MOZAMBIQUE;3;99393;MZ;0;0;0
0;12483;311;16152;NAMIBIE;3;99311;NA;0;0;0
0;12604;507;16153;NAURU;3;99507;NR;0;0;0
0;12435;215;16154;NEPAL;3;99215;NP;0;0;0
0;12546;412;16155;NICARAGUA;3;99412;NI;0;0;0
0;12509;337;16156;NIGER;3;99337;NE;0;0;0
0;12510;338;16157;NIGERIA;3;99338;NG;0;0;0
0;12595;502;16158;NIUE;3;99502;NU;0;0;0
0;12593;501;16159;NORFOLK (ILE);3;99501;NF;0;0;0
0;12376;103;16160;NORVEGE;3;99103;NO;0;0;0
0;12623;0;16161;NOUVELLE-CALEDONIE;1;;NC;0;0;0
0;12594;502;16162;NOUVELLE-ZELANDE;3;99502;NZ;0;0;0
0;12480;308;16163;OCEAN INDIEN (TERRITOIRE BRITANNIQUE DE L');3;99308;IO;0;0;0
0;12462;250;16164;OMAN;3;99250;OM;0;0;0
0;12511;339;16165;OUGANDA;3;99339;UG;0;0;0
0;12470;258;16166;OUZBEKISTAN;3;99258;UZ;0;0;0
0;12433;213;16167;PAKISTAN;3;99213;PK;0;0;0
0;12614;517;16168;PALAOS (ILES);3;99517;PW;0;0;0
0;12473;261;16169;PALESTINE (Etat de);3;99261;PS;0;0;0
0;12547;413;16170;PANAMA;3;99413;PA;0;0;0
0;12607;510;16171;PAPOUASIE-NOUVELLE-GUINEE;3;99510;PG;0;0;0
0;12555;421;16172;PARAGUAY;3;99421;PY;0;0;0
0;12411;135;16173;PAYS-BAS;2;99135;NL;0;0;0
0;12556;422;16174;PEROU;3;99422;PE;0;0;0
0;12439;220;16175;PHILIPPINES;3;99220;PH;0;0;0
0;12598;503;16176;PITCAIRN (ILE);3;99503;PN;0;0;0
0;12396;122;16177;POLOGNE;2;99122;PL;0;0;0
0;12616;0;16178;POLYNESIE FRANCAISE;1;;PF;0;0;0
0;12573;432;16179;PORTO RICO;3;99432;PR;0;0;0
0;12416;139;16180;PORTUGAL;2;99139;PT;0;0;0
0;12487;313;16181;PRESIDES;3;99313;;0;0;0
0;12486;313;16182;PROVINCES ESPAGNOLES D'AFRIQUE;3;99313;;0;0;0
0;12460;248;16183;QATAR;3;99248;QA;0;0;0
0;12389;114;16184;ROUMANIE;2;99114;RO;0;0;0
0;12405;132;16185;ROYAUME-UNI;3;99132;GB;0;0;0
0;12397;123;16186;RUSSIE;3;99123;RU;0;0;0
0;12512;340;16187;RWANDA;3;99340;RW;0;0;0
0;12525;389;16188;SAHARA OCCIDENTAL;3;99389;EH;0;0;0
0;12626;0;16189;SAINT-BARTHELEMY;1;;BL;0;0;0
0;12585;442;16190;SAINT-CHRISTOPHE-ET-NIEVES;3;99442;KN;0;0;0
0;12479;306;16191;SAINTE HELENE;3;99306;SH;0;0;0
0;12582;439;16192;SAINTE-LUCIE;3;99439;LC;0;0;0
0;12401;128;16193;SAINT-MARIN;3;99128;SM;0;0;0
0;12627;0;16194;SAINT-MARTIN;1;;MF;0;0;0
0;12588;445;16195;SAINT-MARTIN (PARTIE NEERLANDAISE);3;99445;SX;0;0;0
0;12618;0;16196;SAINT-PIERRE-ET-MIQUELON;1;;PM;0;0;0
0;12583;440;16197;SAINT-VINCENT-ET-LES GRENADINES;3;99440;VC;0;0;0
0;12609;512;16198;SALOMON (ILES);3;99512;SB;0;0;0
0;12601;505;16199;SAMOA AMERICAINES;3;99505;AS;0;0;0
0;12603;506;16200;SAMOA OCCIDENTALES;3;99506;WS;0;0;0
0;12530;394;16201;SAO TOME-ET-PRINCIPE;3;99394;ST;0;0;0
0;12513;341;16202;SENEGAL;3;99341;SN;0;0;0
0;12395;121;16203;SERBIE;3;99121;RS;0;0;0
0;12534;398;16204;SEYCHELLES;3;99398;SC;0;0;0
0;12514;342;16205;SIERRA LEONE;3;99342;SL;0;0;0
0;12445;226;16206;SINGAPOUR;3;99226;SG;0;0;0
0;12391;117;16207;SLOVAQUIE;2;99117;SK;0;0;0
0;12419;145;16208;SLOVENIE;2;99145;SI;0;0;0
0;12492;318;16209;SOMALIE;3;99318;SO;0;0;0
0;12515;343;16210;SOUDAN;3;99343;SD;0;0;0
0;12521;349;16211;SOUDAN DU SUD;3;99349;SS;0;0;0
0;12450;235;16212;SRI LANKA;3;99235;LK;0;0;0
0;12379;104;16213;SUEDE;2;99104;SE;0;0;0
0;12417;140;16214;SUISSE;3;99140;CH;0;0;0
0;12580;437;16215;SURINAME;3;99437;SR;0;0;0
0;12378;103;16216;SVALBARD et ILE JAN MAYEN;3;99103;SJ;0;0;0
0;12429;206;16217;SYRIE;3;99206;SY;0;0;0
0;12471;259;16218;TADJIKISTAN;3;99259;TJ;0;0;0
0;12451;236;16219;TAIWAN;3;99236;TW;0;0;0
0;12481;309;16220;TANZANIE;3;99309;TZ;0;0;0
0;12516;344;16221;TCHAD;3;99344;TD;0;0;0
0;12390;116;16222;TCHEQUE (REPUBLIQUE);2;99116;CZ;0;0;0
0;12574;432;16223;TERR. DES ETATS-UNIS D'AMERIQUE EN AMERIQUE;3;99432;;0;0;0
0;12599;505;16224;TERR. DES ETATS-UNIS D'AMERIQUE EN OCEANIE;3;99505;;0;0;0
0;12567;427;16225;TERR. DU ROYAUME-UNI DANS L'ATLANTIQUE SUD;3;99427;;0;0;0
0;12619;0;16226;TERRES AUSTRALES FRANCAISES;1;;TF;0;0;0
0;12562;425;16227;TERRITOIRES DU ROYAUME-UNI AUX ANTILLES;3;99425;;0;0;0
0;12438;219;16228;THAILANDE;3;99219;TH;0;0;0
0;12474;262;16229;TIMOR ORIENTAL;3;99262;TL;0;0;0
0;12517;345;16230;TOGO;3;99345;TG;0;0;0
0;12596;502;16231;TOKELAU;3;99502;TK;0;0;0
0;12606;509;16232;TONGA;3;99509;TO;0;0;0
0;12576;433;16233;TRINITE-ET-TOBAGO;3;99433;TT;0;0;0
0;12523;351;16234;TUNISIE;3;99351;TN;0;0;0
0;12472;260;16235;TURKMENISTAN;3;99260;TM;0;0;0
0;12563;425;16236;TURKS ET CAIQUES (ILES);3;99425;TC;0;0;0
0;12431;208;16237;TURQUIE;3;99208;TR;0;0;0
0;12608;511;16238;TUVALU;3;99511;TV;0;0;0
0;12422;155;16239;UKRAINE;3;99155;UA;0;0;0
0;2;;;UNION EUROPEENNE;2;;;0;0;0
0;12557;423;16240;URUGUAY;3;99423;UY;0;0;0
0;12611;514;16241;VANUATU;3;99514;VU;0;0;0
0;12402;129;16242;VATICAN;3;99129;VA;0;0;0
0;12558;424;16243;VENEZUELA;3;99424;VE;0;0;0
0;12564;425;16244;VIERGES BRITANNIQUES (ILES);3;99425;VG;0;0;0
0;12575;432;16245;VIERGES DES ETATS-UNIS (ILES);3;99432;VI;0;0;0
0;12457;243;16246;VIET NAM;3;99243;VN;0;0;0
0;12620;0;16247;WALLIS-ET-FUTUNA;1;;WF;0;0;0
0;12463;251;16248;YEMEN;3;99251;YE;0;0;0
0;12518;346;16249;ZAMBIE;3;99346;ZM;0;0;0
0;12482;310;16250;ZIMBABWE;3;99310;ZW;0;0;0
